,name,contract_address
0,Origin Protocol,0x8207c1ffc5b6804f6024322ccf34f29c3541ae26
1,CWallet,0xd55236d48606c295adebf129dad04fc74bfaa708
2,Ethereum Push Notification Service,0xf418588522d5dd018b425E472991E52EBBeEEEEE
3,SKALE Network,0x00c83aecc790e8a4453e5dd3b0b4b3680501a7a7
4,Magic Internet Money,0x99d8a9c45b2eca8864373a26d1459e3dff1e17f3
5,Balancer,0xba100000625a3754423978a60c9317c58a424e3D
6,Polymath,0x9992ec3cf6a55b00978cddf2b27bc6882d88d1ec
7,Flesh Token,0x25d4BFeeaE3360E68C466c65A5E8f8D5CEBc5093
8,NYM,0x525A8F6F3Ba4752868cde25164382BfbaE3990e1
9,Decentraland,0x0f5d2fb29fb7d3cfee444a200298f468908cc942
10,1inch Network,0x111111111117dc0aa78b770fa6a738034120c302
11,UMA,0x04Fa0d235C4abf4BcF4787aF4CF447DE572eF828
12,Rari Governance Token,0xd291e7a03283640fdc51b121ac401383a46cc623
13,Mirror Protocol,0x09a3EcAFa817268f77BE1283176B946C4ff2E608
14,Frax,0x853d955acef822db058eb8505911ed77f175b99e
15,DeepCloud AI,0x6cbedec4f1ac9d874987d2769596544e0d9161ab
16,ParaSwap,0xcafe001067cdef266afb7eb5a286dcfd277f3de5
17,PathDAO,0x2a2550e0a75acec6d811ae3930732f7f3ad67588
18,Adventure Gold,0x32353a6c91143bfd6c7d363b546e62a9a2489a20
19,DexKit,0x7866e48c74cbfb8183cd1a929cd9b95a7a5cb4f4
20,API3,0x0b38210ea11411557c13457D4dA7dC6ea731B88a
21,Cryptex Finance,0x321c2fe4446c7c963dc41dd58879af648838f98d
22,Governor DAO,0x515d7e9d75e2b76db60f8a051cd890eba23286bc
23,bZx Protocol,0x56d811088235F11C8920698a204A5010a788f4b3
24,Multichain,0x65ef703f5594d2573eb71aaf55bc0cb548492df4
25,Serum,0x476c5e26a75bd202a9683ffd34359c0cc15be0ff
26,TRVL,0xd47bdf574b4f76210ed503e0efe81b58aa061f3d
27,Occam.Fi,0x2f109021afe75b949429fe30523ee7c0d5b27207
28,dForce,0x431ad2ff6a9c365805ebad47ee021148d6f7dbe0
29,DFBTC,0x060924fb947e37eee230d0b1a71d9618aec269fc
30,Pendle,0x808507121b80c02388fad14726482e061b8da827
31,Daneel,0x9b70740e708a083c6ff38df52297020f5dfaa5ee
32,Riot Racers,0xf56408077487cb879c992909c5b5c66d68c02eb4
33,AladdinDAO,0xb26C4B3Ca601136Daf98593feAeff9E0CA702a8D
34,Lido DAO Token,0x5a98fcbea516cf06857215779fd812ca3bef1b32
35,Aavegotchi,0x3F382DbD960E3a9bbCeaE22651E88158d2791550
36,Conjure,0x00A55375002f3cDa400383F479e7Cd57Bad029A9
37,Dego Finance,0x88ef27e69108b2633f8e1c184cc37940a075cc02
38,Braintrust,0x799ebfabe77a6e34311eeee9825190b9ece32824
39,Wilder World,0x2a3bff78b79a009976eea096a51a948a3dc00e34
40,Akropolis,0x8ab7404063ec4dbcfd4598215992dc3f8ec853d7
41,Covalent,0xD417144312DbF50465b1C641d016962017Ef6240
42,Global Coin Research,0x6307b25a665efc992ec1c1bc403c38f3ddd7c661
43,Friends With Benefits Pro,0x35bd01fc9d6d5d81ca9e055db88dc49aa2c699a8
44,Krause,0x9f6f91078a5072a8b54695dafa2374ab3ccd603b
45,Eden,0x89020f0d5c5af4f3407eb5fe185416c457b0e93e
46,ShineDAO,0x1c7ede23b1361acc098a1e357c9085d131b34a01
47,KeeperDAO,0xfa5047c9c78b8877af97bdcb85db743fd7313d4a
48,Liquid Swap,0x7fe8dac51394157811c71bbf74c133a224a9ff44
49,Kyber Network Crystal v2,0xdeFA4e8a7bcBA345F687a2f1456F5Edd9CE97202
50,Phantasma,0x79c75e2e8720b39e258f41c37cc4f309e0b0ff80
51,Ribbon Finance,0x6123b0049f904d730db3c36a31167d9d4121fa6b
52,EnterDAO,0xd779eea9936b4e323cddff2529eb6f13d0a4d66e
53,Tempus,0xA36FDBBAE3c9d55a1d67EE5821d53B50B63A1aB9
54,Kleros,0x93ed3fbe21207ec2e8f2d3c3de6e058cb73bc04d
55,PieDAO DOUGH v2,0xad32A8e6220741182940c5aBF610bDE99E737b2D
56,Tracer DAO,0x9c4a4204b79dd291d6b6571c5be8bbcd0622f050
57,Bao Finance,0x374cb8c27130e2c9e04f44303f3c8351b9de61c1
58,Juicebox,0x3abf2a4f8452ccc2cf7b4c1e4663147600646f66
59,Axl Inu,0x25b24b3c47918b7962b3e49c4f468367f73cc0e0
60,Request,0x8f8221afbb33998d8584a2b05749ba73c37a938a
61,Zoracles,0xD8E3FB3b08eBA982F2754988d70D57eDc0055ae6
62,CUDOS,0x817bbDbC3e8A1204f3691d14bB44992841e3dB35
63,LeagueDAO,0x7b39917f9562c8bc83c7a6c2950ff571375d505d
64,KNL Ecosystem,0x5ba4d3e350acf0ca8d27a1052e55609998bef947
65,1irstcoin,0x310c93dfc1c5e34cdf51678103f63c41762089cd
66,Stake DAO,0x73968b9a57c6e53d41345fd57a6e6ae27d6cdb2f
67,Dfyn Network,0x9695e0114e12c0d3a3636fab5a18e6b737529023
68,Tokenlon Network Token,0x0000000000095413afc295d19edeb1ad7b71c952
69,Alchemix,0xdbdb4d16eda451d0503b854cf79d55697f90c8df
70,Tornado Cash,0x77777feddddffc19ff86db637967013e6c6a116c
71,Vesper,0x1b40183efb4dd766f11bda7a7c3ad8982e998421
72,Goldfinch,0xdab396ccf3d84cf2d07c4454e10c8a6f5b008d2b
73,WHALE,0x9355372396e3F6daF13359B7b607a3374cc638e0
74,Creator Cabins,0x1934e252f840aa98dfce2b6205b3e45c41aef830
75,BarnBridge,0x0391D2021f89DC339F60Fff84546EA23E337750f
76,Ocean Protocol,0x967da4048cd07ab37855c090aaf366e4ce1b9f48
77,Impossible Finance,0xb0e1fc65c1a741b4662b813eb787d369b8614af1
78,Burp,0x33f391f4c4fe802b70b77ae37670037a92114a7c
79,B.Protocol,0xbbbbbbb5aa847a2003fbc6b5c16df0bd1e725f61
80,yAxis,0x0ada190c81b814548ddc2f6adc4a689ce7c1fe73
81,Pantos,0x536381a8628dbcc8c70ac9a30a7258442eab4c92
82,Rotten,0xD04785C4d8195e4A54d9dEc3a9043872875ae9E2
83,Dog Collar,0x9783b81438c24848f85848f8df31845097341771
84,Quidd,0xDA9FDAb21bC4A5811134A6E0Ba6CA06624e67c07
85,DivineDAO,0xb5e09e6bf6a5e96934b3fd99a40f7edaca1173ed
86,yearn.finance,0x0bc529c00c6401aef6d220be8c6ea1667f6ad93e
87,Yield Guild Games,0x25f8087ead173b73d6e8b84329989a8eea16cf73
88,Ren,0x408e41876cccdc0f92210600ef50372656052a38
89,Quantstamp,0x99ea4db9ee77acd40b119bd1dc4e33e1c070b80d
90,The Doge NFT,0xbaac2b4491727d78d2b78815144570b9f2fe8899
91,Unlock Protocol,0x90de74265a416e1393a450752175aed98fe11517
92,Premia,0x6399C842dD2bE3dE30BF99Bc7D1bBF6Fa3650E70
93,Litentry,0xb59490ab09a0f526cc7305822ac65f2ab12f9723
94,Opium,0x888888888889c00c67689029d7856aac1065ec11
95,Cream Finance,0x2ba592f78db6436527729929aaf6c908497cb200
96,DAOSquare,0xbd9908b0cdd50386f92efcc8e1d71766c2782df0
97,BitDAO,0x1A4b46696b2bB4794Eb3D4c26f1c55F9170fa4C5
98,BlockchainSpace,0x83e9f223e1edb3486f876ee888d76bfba26c475a
99,Uniswap,0x1f9840a85d5af5bf1d1762f925bdaddc4201f984
100,DIA,0x84ca8bc7997272c7cfb4d0cd3d55cd942b3c9419
101,Sarcophagus,0x7697b462a7c4ff5f8b55bdbc2f4076c2af9cf51a
102,Zerogoki,0x011864d37035439e078d64630777ec518138af05
103,Enzyme,0xec67005c4e498ec7f55e092bd1d35cbc47c91892
104,HOPR,0xf5581dfefd8fb0e4aec526be659cfab1f8c781da
105,mStable Governance Token: Meta (MTA),0xa3BeD4E1c75D00fa6f4E5E6922DB7261B5E9AcD2
106,Jarvis Network,0x8a9c67fee641579deba04928c4bc45f66e26343a
107,Perpetual Protocol,0xbc396689893d065f41bc2c6ecbee5e0085233447
108,MeebitsDAO Pool,0x4eE4f96838454E67Fce92B2c53b0f1a97D047179
109,Civilization,0x37fe0f067fa808ffbdd12891c0858532cfe7361d
110,DXdao,0xa1d65e8fb6e87b60feccbc582f7f97804b725521
111,Magic Ethereum Money,0x343e59d9d835e35b07fe80f5bb544f8ed1cd3b11
112,Illuvium,0x767fe9edc9e0df98e07454847909b5e959d7ca0e
113,NAOS Finance,0x4a615bb7166210cce20e6642a6f8fb5d4d044496
114,Rally,0xf1f955016EcbCd7321c7266BccFB96c68ea5E49b
115,DFX Finance,0x888888435fde8e7d4c54cab67f206e4199454c60
116,MetaGaming Guild,0x7237c0b30b1355f1b76355582f182f6f04b08740
117,Compound,0xc00e94cb662c3520282e6f5717214004a7f26888
118,Synthetix,0xc011a73ee8576fb46f5e1c5751ca3b9fe0af2a6f
119,DODO,0x43dfc4159d86f3a37a5a4b3d4580b888ad7d4ddd
120,Gods Unchained,0xccc8cb5229b0ac8069c51fd58367fd1e622afd97
121,Float Protocol (Bank),0x24a6a37576377f63f194caa5f518a60f45b42921
122,Indexed Finance,0x86772b1409b61c639eaac9ba0acfbb6e238e5f83
123,Avocado DAO Token,0xa41f142b6eb2b164f8164cae0716892ce02f311f
124,UniWhales,0xdbdd6f355a37b94e6c7d32fef548e98a280b8df5
125,Muse,0xb6ca7399b4f9ca56fc27cbff44f4d2e4eef1fc81
126,BlackPool,0x0eC9F76202a7061eB9b3a7D6B59D36215A7e37da
127,ARC Governance,0x1321f1f1aa541a56c31682c57b80ecfccd9bb288
128,Bright Union,0xbeab712832112bd7664226db7cd025b153d3af55
129,Pickle Finance,0x429881672B9AE42b8EbA0E26cD9C73711b891Ca5
130,IoTeX,0x6fb3e0a217407efff7ca062d46c26e5d60a14d69
131,SpookySwap,0x55af5865807b196bd0197e0902746f31fbccfa58
132,FIATUM,0x88cD0EA6D4b01ABb82De1361323F5D4e6FabB80B
133,Giveth,0x900db999074d9277c5da2a43f252d74366230da0
134,Ruler Protocol,0x2aECCB42482cc64E087b6D2e5Da39f5A7A7001f8
135,SBank,0x4c14114c107d6374ec31981f5f6cc27a13e22f9a
136,Augur,0x1985365e9f78359a9B6AD760e32412f4a445E862
137,0x,0xe41d2489571d322189246dafa5ebde1f4699f498
138,Decentral Games,0x4b520c812e8430659fc9f12f6d0c39026c83588d
139,FairGame,0x9b20dabcec77f6289113e61893f7beefaeb1990a
140,APY.Finance,0x95a4492F028aa1fd432Ea71146b433E7B4446611
141,DeversiFi,0xdddddd4301a082e62e84e43f474f044423921918
142,Degenerator Meme,0xd5525d397898e5502075ea5e830d8914f6f0affe
143,Volatility Protocol Token,0x5166E09628b696285E3A151e84FB977736a83575
144,Portion,0x6D0F5149c502faf215C89ab306ec3E50b15e2892
145,Audius,0x18aaa7115705e8be94bffebde57af9bfc265b998
